SCOTT>SELECT * FROM SALGRADE;

     GRADE      LOSAL      HISAL                                                                                                                                                                        
---------- ---------- ----------                                                                                                                                                                        
         1        700       1200                                                                                                                                                                        
         2       1201       1400                                                                                                                                                                        
         3       1401       2000                                                                                                                                                                        
         4       2001       3000                                                                                                                                                                        
         5       3001       9999                                                                                                                                                                        

SCOTT>SELECT * FROM EMP;

   EMPNO ENAME      JOB             MGR HIREDATE        SAL       COMM     DEPTNO                                                                                                                       
-------- ---------- ---------- -------- -------- ---------- ---------- ----------                                                                                                                       
    7369 SMITH      CLERK          7902 80/12/17        800                    20                                                                                                                       
    7499 ALLEN      SALESMAN       7698 81/02/20       1600        300         30                                                                                                                       
    7521 WARD       SALESMAN       7698 81/02/22       1250        500         30                                                                                                                       
    7566 JONES      MANAGER        7839 81/04/02       2975                    20                                                                                                                       
    7654 MARTIN     SALESMAN       7698 81/09/28       1250       1400         30                                                                                                                       
    7698 BLAKE      MANAGER        7839 81/05/01       2850                    30                                                                                                                       
    7782 CLARK      MANAGER        7839 81/06/09       2450                    10                                                                                                                       
    7788 SCOTT      ANALYST        7566 87/07/13       3000                    20                                                                                                                       
    7839 KING       PRESIDENT           81/11/17       5000                    10                                                                                                                       
    7844 TURNER     SALESMAN       7698 81/09/08       1500          0         30                                                                                                                       
    7876 ADAMS      CLERK          7788 87/07/13       1100                    20                                                                                                                       
    7900 JAMES      CLERK          7698 81/12/03        950                    30                                                                                                                       
    7902 FORD       ANALYST        7566 81/12/03       3000                    20                                                                                                                       
    7934 MILLER     CLERK          7782 82/01/23       1300                    10                                                                                                                       

14 rows selected.

SCOTT>ED
Wrote file afiedt.buf

  1  SELECT E.ENAME, E.SAL, S.GRADE
  2  FROM EMP E, SALGRADE S
  3* WHERE E.SAL BETWEEN S.LOSAL AND S.HISAL
SCOTT>/

ENAME             SAL      GRADE                                                                                                                                                                        
---------- ---------- ----------                                                                                                                                                                        
SMITH             800          1                                                                                                                                                                        
JAMES             950          1                                                                                                                                                                        
ADAMS            1100          1                                                                                                                                                                        
WARD             1250          2                                                                                                                                                                        
MARTIN           1250          2                                                                                                                                                                        
MILLER           1300          2                                                                                                                                                                        
TURNER           1500          3                                                                                                                                                                        
ALLEN            1600          3                                                                                                                                                                        
CLARK            2450          4                                                                                                                                                                        
BLAKE            2850          4                                                                                                                                                                        
JONES            2975          4                                                                                                                                                                        
SCOTT            3000          4                                                                                                                                                                        
FORD             3000          4                                                                                                                                                                        
KING             5000          5                                                                                                                                                                        

14 rows selected.

SCOTT>SPOOL OFF
